{"cameraMode":{"drawMode":0,"name":"Shaded","section":"Shading Mode"},"sceneLighting":false,"audioPlay":false,"sceneViewState":{"showFog":false,"showMaterialUpdate":false,"showSkybox":false,"showFlares":false,"showImageEffects":false,"showParticleSystems":true},"in2DMode":false,"pivot":{"x":0.0,"y":2.6493959426879885,"z":-1.8799993991851807},"rotation":{"x":-0.10052371025085449,"y":0.7962536811828613,"z":-0.13769479095935822,"w":-0.5805500745773315},"size":13.217620849609375,"orthographic":false}