{"cameraMode":{"drawMode":0,"name":"Shaded","section":"Shading Mode"},"sceneLighting":false,"audioPlay":false,"sceneViewState":{"showFog":false,"showMaterialUpdate":false,"showSkybox":false,"showFlares":false,"showImageEffects":false,"showParticleSystems":true},"in2DMode":false,"pivot":{"x":274.7055358886719,"y":50.545074462890628,"z":85.67593383789063},"rotation":{"x":-0.018029095605015756,"y":-0.9643917083740234,"z":0.06842000782489777,"w":-0.25508999824523928},"size":546.3373413085938,"orthographic":false}